-------------------------------------------------------------------------------------
-------------------- INSERCIONES
---- DERECHOS
insert into duty (title, dates, amount) values
('Matricula 1','20-02-2023', '200.00'),
('Mensualidad Marzo','03-03-2023', '400.00'),
('Mensualidad Abril','03-04-2023', '400.00'),
('Mensualidad Mayo','03-05-2023', '400.00'),
('Mensualidad Junio','03-06-2023', '400.00'),
('Mensualidad Julio','03-07-2023', '400.00'),
('Matricula 2','01-08-2023', '200.00'),
('Mensualidad Agosto','15-08-2023', '400.00'),
('Mensualidad Setiembre','15-09-2023', '400.00'),
('Mensualidad Octubre','15-10-2023', '400.00'),
('Mensualidad Noviembre','15-11-2023', '400.00'),
('Mensualidad Diciembre','15-12-2023', '400.00');

---- ESTUDIANTES AS
INSERT INTO asstudent (names, last_name, document_type, document_number, career, semester, title, amount, active) VALUES
('Rosendo', 'Baena Cordoba', 'DNI', '75165597', 'AS', '1', 'Matricula 1', '100.00', 'D'),
('Marina', 'Soto Garcia', 'DNI', '48291673', 'AS', '4', 'Mensualidad Marzo', '400.00', 'C'),
('Cristian', 'Paredes Silva', 'DNI', '62834017', 'AS', '3', 'Mensualidad Abril', '200.00', 'D'),
('Lucia', 'Molina Rojas', 'DNI', '71459280', 'AS', '5', 'Mensualidad Mayo', '400.00', 'C'),
('Pedro', 'Gomez Reyes', 'DNI', '87654321', 'AS', '2', 'Mensualidad Junio', '300.00', 'D'),
('Carla', 'Herrera Santos', 'DNI', '91572834', 'AS', '1', 'Mensualidad Julio', '400.00', 'C'),
('Luis', 'Lopez Perez', 'DNI', '51927843', 'AS', '3', 'Matricula 2', '120.00', 'D'),
('Laura', 'Cortes Fernandez', 'DNI', '43258961', 'AS', '4', 'Mensualidad Agosto', '400.00', 'C'),
('Diego', 'Ramirez Torres', 'DNI', '76123459', 'AS', '5', 'Mensualidad Setiembre', '200.00', 'D'),
('Javier', 'Garcia Jimenez', 'DNI', '89762145', 'AS', '2', 'Mensualidad Octubre', '400.00', 'C'),
('Ana', 'Martinez Ruiz', 'DNI', '63159724', 'AS', '1', 'Mensualidad Noviembre', '200.00', 'D'),
('Miguel', 'Sanchez Herrera', 'DNI', '95731286', 'AS', '3', 'Mensualidad Diciembre', '400.00', 'C'),
('Pablo', 'Gutierrez Castro', 'DNI', '28456319', 'AS', '4', 'Matricula 1', '100.00', 'D'),
('Isabel', 'Vargas Miranda', 'DNI', '76845123', 'AS', '5', 'Mensualidad Marzo', '400.00', 'C'),
('Sergio', 'Rios Delgado', 'DNI', '91567234', 'AS', '2', 'Mensualidad Abril', '300.00', 'D'),
('Diana', 'Ortega Silva', 'DNI', '52781394', 'AS', '1', 'Mensualidad Mayo', '400.00', 'C'),
('Roberto', 'Luna Castro', 'DNI', '64217839', 'AS', '3', 'Mensualidad Junio', '200.00', 'D'),
('Fernanda', 'Perez Montes', 'DNI', '89654321', 'AS', '4', 'Mensualidad Julio', '400.00', 'C'),
('Andres', 'Herrera Rojas', 'DNI', '71984623', 'AS', '5', 'Matricula 2', '200.00', 'C'),
('Carolina', 'Gomez Torres', 'DNI', '43195627', 'AS', '2', 'Mensualidad Agosto', '400.00', 'C'),
('Raul', 'Santos Fernandez', 'DNI', '67241359', 'AS', '1', 'Mensualidad Setiembre', '200.00', 'D'),
('Camila', 'Ramirez Castro', 'DNI', '91736285', 'AS', '3', 'Mensualidad Octubre', '400.00', 'C'),
('Manuel', 'Garcia Delgado', 'DNI', '52639714', 'AS', '4', 'Mensualidad Noviembre', '300.00', 'D'),
('Valeria', 'Lopez Herrera', 'DNI', '64875123', 'AS', '5', 'Mensualidad Diciembre', '400.00', 'C'),
('Felipe', 'Martinez Ruiz', 'DNI', '91364782', 'AS', '2', 'Matricula 1', '200.00', 'C'),
('Sofia', 'Sanchez Vargas', 'DNI', '57921634', 'AS', '1', 'Mensualidad Marzo', '400.00', 'C'),
('Daniel', 'Rios Delgado', 'DNI', '71462937', 'AS', '3', 'Mensualidad Abril', '200.00', 'D'),
('Elena', 'Ortega Silva', 'DNI', '52147983', 'AS', '4', 'Mensualidad Mayo', '400.00', 'C'),
('Julian', 'Luna Castro', 'DNI', '93752814', 'AS', '5', 'Mensualidad Junio', '200.00', 'D'),
('Mariana', 'Perez Montes', 'DNI', '67951238', 'AS', '2', 'Mensualidad Julio', '400.00', 'C');


---- ESTUDIANTES PA
INSERT INTO pastudent (names, last_name, document_type, document_number, career, semester, title, amount, active) VALUES
('Javier', 'Gomez Santos', 'DNI', '12345678', 'PA', '1', 'Matricula 1', '100.00', 'D'),
('Marina', 'Lopez Torres', 'DNI', '23456789', 'PA', '4', 'Mensualidad Marzo', '400.00', 'C'),
('Carolina', 'Perez Ruiz', 'DNI', '34567890', 'PA', '3', 'Mensualidad Abril', '300.00', 'D'),
('Andres', 'Herrera Castro', 'DNI', '45678901', 'PA', '5', 'Mensualidad Mayo', '400.00', 'C'),
('Felipe', 'Ramirez Silva', 'DNI', '56789012', 'PA', '2', 'Mensualidad Junio', '300.00', 'D'),
('Sofia', 'Garcia Vargas', 'DNI', '67890123', 'PA', '1', 'Mensualidad Julio', '400.00', 'C'),
('Laura', 'Lopez Santos', 'DNI', '78901234', 'PA', '3', 'Matricula 2', '200.00', 'C'),
('Camila', 'Perez Fernandez', 'DNI', '89012345', 'PA', '4', 'Mensualidad Agosto', '400.00', 'C'),
('Roberto', 'Herrera Torres', 'DNI', '90123456', 'PA', '5', 'Mensualidad Setiembre', '300.00', 'D'),
('Diego', 'Ramirez Castro', 'DNI', '98765432', 'PA', '2', 'Mensualidad Octubre', '400.00', 'C'),
('Luis', 'Gomez Santos', 'DNI', '87654321', 'PA', '1', 'Mensualidad Noviembre', '300.00', 'D'),
('Carla', 'Lopez Torres', 'DNI', '76543210', 'PA', '3', 'Mensualidad Diciembre', '400.00', 'C'),
('Mariana', 'Perez Ruiz', 'DNI', '65432109', 'PA', '4', 'Matricula 1', '100.00', 'D'),
('Daniel', 'Herrera Castro', 'DNI', '54321098', 'PA', '5', 'Mensualidad Marzo', '400.00', 'C'),
('Lucia', 'Ramirez Silva', 'DNI', '43210987', 'PA', '2', 'Mensualidad Abril', '300.00', 'D'),
('Pedro', 'Garcia Vargas', 'DNI', '32109876', 'PA', '1', 'Mensualidad Mayo', '400.00', 'C'),
('Ana', 'Lopez Santos', 'DNI', '21098765', 'PA', '3', 'Mensualidad Junio', '300.00', 'D'),
('Cristian', 'Perez Fernandez', 'DNI', '10987654', 'PA', '4', 'Mensualidad Julio', '400.00', 'C'),
('Isabel', 'Herrera Torres', 'DNI', '09876543', 'PA', '5', 'Matricula 2', '140.00', 'D'),
('Manuel', 'Ramirez Castro', 'DNI', '98765098', 'PA', '2', 'Mensualidad Agosto', '400.00', 'C'),
('Valeria', 'Gomez Santos', 'DNI', '87654987', 'PA', '1', 'Mensualidad Setiembre', '300.00', 'D'),
('Pablo', 'Lopez Torres', 'DNI', '76543987', 'PA', '3', 'Mensualidad Octubre', '400.00', 'C'),
('Diana', 'Perez Ruiz', 'DNI', '65437892', 'PA', '4', 'Mensualidad Noviembre', '300.00', 'D'),
('Raul', 'Herrera Castro', 'DNI', '54329876', 'PA', '5', 'Mensualidad Diciembre', '400.00', 'C'),
('Julian', 'Ramirez Silva', 'DNI', '43217865', 'PA', '2', 'Matricula 1', '250.00', 'D'),
('Elena', 'Garcia Vargas', 'DNI', '32108765', 'PA', '1', 'Mensualidad Marzo', '400.00', 'C'),
('Miguel', 'Lopez Santos', 'DNI', '21087654', 'PA', '3', 'Mensualidad Abril', '300.00', 'D'),
('Sergio', 'Perez Fernandez', 'DNI', '10986543', 'PA', '4', 'Mensualidad Mayo', '400.00', 'C'),
('Fernanda', 'Herrera Torres', 'DNI', '09875432', 'PA', '5', 'Mensualidad Junio', '140.00', 'D'),
('Valentina', 'Ramirez Castro', 'DNI', '98765430', 'PA', '2', 'Mensualidad Julio', '400.00', 'C');
